raga_id,raga_name,raga_artist,raga_duration,raga_audio_track,raga_effect,raga_audio_path
Raga Basant_1,Raga Basant Bahar - Raga Basant Bahar - Ektaal - Teentaal,Kishori Amonkar,0:29:27.200000,https://p.scdn.co/mp3-preview/8416be7166d1d26a507d40f7799e02456dc5f400?cid=883d8de3b4fb48e9ab32028467324d90,,audio/Kishori Amonkar\Raga Basant Bahar - Raga Basant Bahar - Ektaal - Teentaal_Kishori Amonkar.mp3
Raga Basant_2,Raga Basant Bahar,Rashid Khan,0:12:01.240000,https://p.scdn.co/mp3-preview/5efd3b0630dd7ca7a27af87d66abbbd837663878?cid=883d8de3b4fb48e9ab32028467324d90,,audio/Rashid Khan\Raga Basant Bahar_Rashid Khan.mp3
Raga Basant_3,Raga Basant - Piya Sang Kheloon,Rashid Khan,0:07:19.133000,https://p.scdn.co/mp3-preview/fcf209cb8cc0569752544aeaf91d5323805c0dc2?cid=883d8de3b4fb48e9ab32028467324d90,,audio/Rashid Khan\Raga Basant - Piya Sang Kheloon_Rashid Khan.mp3
Raga Basant_4,Raga Basant (1997),Bhimsen Joshi,0:10:01.077000,https://p.scdn.co/mp3-preview/c06855a4842c5c139fe3bdbf1db313c3cd97d701?cid=883d8de3b4fb48e9ab32028467324d90,,audio/Bhimsen Joshi\Raga Basant (1997)_Bhimsen Joshi.mp3
Raga Basant_5,Raga Basant,Shivkumar Sharma,0:29:03.413000,https://p.scdn.co/mp3-preview/62f22aa571a9a69677a6b2700d35b59db2b94238?cid=883d8de3b4fb48e9ab32028467324d90,,audio/Shivkumar Sharma\Raga Basant_Shivkumar Sharma.mp3
Raga Basant_6,Raga Basant,Meeta Pandit,0:07:24.840000,https://p.scdn.co/mp3-preview/2677767d7687bb8c3b997bed516f1f5e01ef9488?cid=883d8de3b4fb48e9ab32028467324d90,,audio/Meeta Pandit\Raga Basant_Meeta Pandit.mp3
Raga Basant_7,Raga Basant,Four Shillings Short,0:11:04.160000,https://p.scdn.co/mp3-preview/4a9fb9ae710552c3da8b8e50e645a353a6a62972?cid=883d8de3b4fb48e9ab32028467324d90,,audio/Four Shillings Short\Raga Basant_Four Shillings Short.mp3
Raga Basant_8,Raga Basant - Gat in Madhyalaya Teen Taal,Vishwa Mohan Bhatt,0:10:30.066000,https://p.scdn.co/mp3-preview/b67d78a7a9cd58701c2f1d5cc3e0e1c84f2caf0a?cid=883d8de3b4fb48e9ab32028467324d90,,audio/Vishwa Mohan Bhatt\Raga Basant - Gat in Madhyalaya Teen Taal_Vishwa Mohan Bhatt.mp3
Raga Basant_9,Raga Basant Bahar,Kishori Amonkar,0:07:42.920000,https://p.scdn.co/mp3-preview/05e69b7547cb5d0f8f3527bd8e196e1af91e4148?cid=883d8de3b4fb48e9ab32028467324d90,,audio/Kishori Amonkar\Raga Basant Bahar_Kishori Amonkar.mp3
Raga Basant_10,Raga Basant - Tala Teentaal,Shivkumar Sharma,0:28:57.360000,https://p.scdn.co/mp3-preview/9d7a389a9371e223cdd74be5d7c91e4fb133f044?cid=883d8de3b4fb48e9ab32028467324d90,,audio/Shivkumar Sharma\Raga Basant - Tala Teentaal_Shivkumar Sharma.mp3
Raga Basant_11,Raga Basant: Alap,Veena Sahasrabuddhe,0:01:37.040000,https://p.scdn.co/mp3-preview/8d0b1809da4bee2e38129211eaa341dcfc4666f2?cid=883d8de3b4fb48e9ab32028467324d90,,audio/Veena Sahasrabuddhe\Raga Basant: Alap_Veena Sahasrabuddhe.mp3
Raga Basant_12,Raga Basant,Shanti Sharma,0:07:33.693000,https://p.scdn.co/mp3-preview/b5da922bcdc1fa44941245dd0476e9147567a148?cid=883d8de3b4fb48e9ab32028467324d90,,audio/Shanti Sharma\Raga Basant_Shanti Sharma.mp3
Raga Basant_13,Raga Basant Mukhari - live,Kartik Seshadri,0:30:16.640000,https://p.scdn.co/mp3-preview/d61009cb786c96d7c7b0878855821c49097f391c?cid=883d8de3b4fb48e9ab32028467324d90,,audio/Kartik Seshadri\Raga Basant Mukhari - live_Kartik Seshadri.mp3
Raga Basant_14,Awakening - Raga Basant Mukhari,Manish Vyas,0:32:52.920000,https://p.scdn.co/mp3-preview/a70ea62cc274df9baf645b9289dd51f469dd470c?cid=883d8de3b4fb48e9ab32028467324d90,,audio/Manish Vyas\Awakening - Raga Basant Mukhari_Manish Vyas.mp3
Raga Basant_15,Raga Basant (Khayal Madhyalaya In Teentala),"Bhimsen Joshi w. Tulsidas Borkar, Shashikant Muley, Rajendra Rathod, Narayan Des",0:10:09.267000,https://p.scdn.co/mp3-preview/3c055c43c682cb94dd6bc1a39fe7d7ce28c2e40d?cid=883d8de3b4fb48e9ab32028467324d90,,"audio/Bhimsen Joshi w. Tulsidas Borkar, Shashikant Muley, Rajendra Rathod, Narayan Des\Raga Basant (Khayal Madhyalaya In Teentala)_Bhimsen Joshi w. Tulsidas Borkar, Shashikant Muley, Rajendra Rathod, Narayan Des.mp3"
Raga Basant_16,Khayal`- Raga Basant Bahar - Ektaal,Chhannulal Mishra,0:04:05.826000,https://p.scdn.co/mp3-preview/baf08b63ae150eedc4ed8a82cf28d36198997824?cid=883d8de3b4fb48e9ab32028467324d90,,audio/Chhannulal Mishra\Khayal`- Raga Basant Bahar - Ektaal_Chhannulal Mishra.mp3
Raga Basant_17,Alaap Jor Jhala - Raga Basant Mukhari,Shivkumar Sharma,0:17:50.484000,https://p.scdn.co/mp3-preview/fc43ca3c75ac5a3a6a83e5111a97313603436a61?cid=883d8de3b4fb48e9ab32028467324d90,,audio/Shivkumar Sharma\Alaap Jor Jhala - Raga Basant Mukhari_Shivkumar Sharma.mp3
Raga Basant_18,Raga Basant - Gat in Madhyalay Ektaal,N. Rajam,0:14:42.055000,https://p.scdn.co/mp3-preview/035f5ce8230939cc115ceb2eac2af14f263339bf?cid=883d8de3b4fb48e9ab32028467324d90,,audio/N. Rajam\Raga Basant - Gat in Madhyalay Ektaal_N. Rajam.mp3
Raga Basant_19,Raga Basant Bahar - Raga Basant Bahar - Drut Khayal - Teentaal,Kishori Amonkar,0:07:42.920000,https://p.scdn.co/mp3-preview/d4b02b40be6171b09f6131cf945afdc4f1ff9bcc?cid=883d8de3b4fb48e9ab32028467324d90,,audio/Kishori Amonkar\Raga Basant Bahar - Raga Basant Bahar - Drut Khayal - Teentaal_Kishori Amonkar.mp3
Raga Basant_20,Raga Basant Mukhari (Gat in Drut Teental),Tejendra Majumdar,0:10:06.773000,https://p.scdn.co/mp3-preview/39d6f1bb8163f2b1aa60bfdbab180e23300f22c0?cid=883d8de3b4fb48e9ab32028467324d90,,audio/Tejendra Majumdar\Raga Basant Mukhari (Gat in Drut Teental)_Tejendra Majumdar.mp3
Raga Basant_21,"Raga Basant: ""Madhukar Aaj Basant"" (Madhya Teental)",Veena Sahasrabuddhe,0:08:39.285000,https://p.scdn.co/mp3-preview/9e9688899ff30677b1347f1d76e622471c06038f?cid=883d8de3b4fb48e9ab32028467324d90,,"audio/Veena Sahasrabuddhe\Raga Basant: ""Madhukar Aaj Basant"" (Madhya Teental)_Veena Sahasrabuddhe.mp3"
Raga Basant_22,Raga Basant,Krishna Bisht,0:04:52.641000,https://p.scdn.co/mp3-preview/bde60b5bc846c4eceeac2b7b73525d155b1e94ed?cid=883d8de3b4fb48e9ab32028467324d90,,audio/Krishna Bisht\Raga Basant_Krishna Bisht.mp3
Raga Basant_23,Raga Basant,Sabri Khan,0:18:13.520000,https://p.scdn.co/mp3-preview/1076e27c84d060f808bc76bd198d226f1871f5e8?cid=883d8de3b4fb48e9ab32028467324d90,,audio/Sabri Khan\Raga Basant_Sabri Khan.mp3
Raga Basant_24,Raga Basant,Shivkumar Sharma,0:29:04.979000,https://p.scdn.co/mp3-preview/e004e58e53fe6c5284cc5e0026ea207acf13f2b4?cid=883d8de3b4fb48e9ab32028467324d90,,audio/Shivkumar Sharma\Raga Basant_Shivkumar Sharma.mp3
Raga Basant_25,Raga Basanta,Nabin Shrestha,0:14:25.053000,https://p.scdn.co/mp3-preview/3dd20c17387a5bcdb3665fcadc784e7d311c1128?cid=883d8de3b4fb48e9ab32028467324d90,,audio/Nabin Shrestha\Raga Basanta_Nabin Shrestha.mp3
Raga Basant_26,Raga Basanta,Nabin,0:14:25.044000,https://p.scdn.co/mp3-preview/50814552faca1f942dfd1743c260195540dcc9b3?cid=883d8de3b4fb48e9ab32028467324d90,,audio/Nabin\Raga Basanta_Nabin.mp3
Raga Basant_27,Raga Basant,Ghulam Sadiq Khan,0:15:32.385000,https://p.scdn.co/mp3-preview/a889b29ff93a1148715360367bb42290be3360aa?cid=883d8de3b4fb48e9ab32028467324d90,,audio/Ghulam Sadiq Khan\Raga Basant_Ghulam Sadiq Khan.mp3
Raga Basant_28,Raga Basant - Live,Pandit Jasraj,0:22:09.490000,https://p.scdn.co/mp3-preview/b0bca718fb84396d138546310db92ee9cadfdb63?cid=883d8de3b4fb48e9ab32028467324d90,,audio/Pandit Jasraj\Raga Basant - Live_Pandit Jasraj.mp3
Raga Basant_29,Raga Basant,Meeta Pandit,0:07:24.840000,https://p.scdn.co/mp3-preview/2677767d7687bb8c3b997bed516f1f5e01ef9488?cid=883d8de3b4fb48e9ab32028467324d90,,audio/Meeta Pandit\Raga Basant_Meeta Pandit.mp3
Raga Basant_30,Raga Basant,Gauri Pathare,0:14:56.597000,https://p.scdn.co/mp3-preview/c3fd8e12a8675b3b1b69597487ad8432e61671d2?cid=883d8de3b4fb48e9ab32028467324d90,,audio/Gauri Pathare\Raga Basant_Gauri Pathare.mp3
Raga Basant_31,Raga Basant,Sarvar Sabri,0:18:13.147000,https://p.scdn.co/mp3-preview/36eabf354face0c05a599e9210839c0e74949bf2?cid=883d8de3b4fb48e9ab32028467324d90,,audio/Sarvar Sabri\Raga Basant_Sarvar Sabri.mp3
Raga Basant_32,Raga Basant,Shivkumar Sharma,0:28:57.360000,https://p.scdn.co/mp3-preview/db46c50d691c38fda77ee6a9b1777b952c011669?cid=883d8de3b4fb48e9ab32028467324d90,,audio/Shivkumar Sharma\Raga Basant_Shivkumar Sharma.mp3
Raga Basant_33,Raga Basant,Milind Chittal,0:06:44.140000,https://p.scdn.co/mp3-preview/556e56e8be1f60283cfde54d821217f7ec30e11d?cid=883d8de3b4fb48e9ab32028467324d90,,audio/Milind Chittal\Raga Basant_Milind Chittal.mp3
Raga Basant_34,Raga Basant - Peace,Various Artists,0:20:58.120000,https://p.scdn.co/mp3-preview/e2d0af2e5c591a4df45961f8a2e0268eb3610871?cid=883d8de3b4fb48e9ab32028467324d90,,audio/Various Artists\Raga Basant - Peace_Various Artists.mp3
Raga Basant_35,Raga Basant,Ulhas Kashalkar,0:10:51.840000,https://p.scdn.co/mp3-preview/680526348d52dc52e62aa31c45f25350058b1046?cid=883d8de3b4fb48e9ab32028467324d90,,audio/Ulhas Kashalkar\Raga Basant_Ulhas Kashalkar.mp3
Raga Basant_36,Raga Basant,Mashkoor Ali Khan,0:09:04.120000,https://p.scdn.co/mp3-preview/f6ed6daf412f81b1cd2cecd3eb8f28ecfb700571?cid=883d8de3b4fb48e9ab32028467324d90,,audio/Mashkoor Ali Khan\Raga Basant_Mashkoor Ali Khan.mp3
Raga Basant_37,Raga Basant,Traditional,0:22:12.860000,https://p.scdn.co/mp3-preview/87945912a07b1b7dc1e6fd8780ed08d453a1ad71?cid=883d8de3b4fb48e9ab32028467324d90,,audio/Traditional\Raga Basant_Traditional.mp3
Raga Basant_38,Raga Basant,Ulhas Kashalkar,0:10:51.840000,https://p.scdn.co/mp3-preview/680526348d52dc52e62aa31c45f25350058b1046?cid=883d8de3b4fb48e9ab32028467324d90,,audio/Ulhas Kashalkar\Raga Basant_Ulhas Kashalkar.mp3
Raga Basant_39,Raga Basant - Piya sang khelu hori,Sanjeev Chimmalgi,0:01:20.353000,https://p.scdn.co/mp3-preview/80cac8b76f0142be176436d32cb458233f09de71?cid=883d8de3b4fb48e9ab32028467324d90,,audio/Sanjeev Chimmalgi\Raga Basant - Piya sang khelu hori_Sanjeev Chimmalgi.mp3
Raga Basant_40,Raga Basant,Humankind Orchestra,0:04:15.544000,https://p.scdn.co/mp3-preview/1797c05688b828a555ec2e1f7bdd6e4dbc5c32ae?cid=883d8de3b4fb48e9ab32028467324d90,,audio/Humankind Orchestra\Raga Basant_Humankind Orchestra.mp3
Raga Basant_41,Raga Basant,Bhimsen Joshi,0:10:09.523000,https://p.scdn.co/mp3-preview/62e14886c3a73516de6616029101f9d112b04801?cid=883d8de3b4fb48e9ab32028467324d90,,audio/Bhimsen Joshi\Raga Basant_Bhimsen Joshi.mp3
Raga Basant_42,Raga Basant,Traditional,0:22:12.860000,https://p.scdn.co/mp3-preview/87945912a07b1b7dc1e6fd8780ed08d453a1ad71?cid=883d8de3b4fb48e9ab32028467324d90,,audio/Traditional\Raga Basant_Traditional.mp3
Raga Basant_43,Raga Basant Mukhari,Divyansh Harshit Srivastava,0:04:37.478000,https://p.scdn.co/mp3-preview/e2e94810198545507c4eb91d49220f63ffbbea23?cid=883d8de3b4fb48e9ab32028467324d90,,audio/Divyansh Harshit Srivastava\Raga Basant Mukhari_Divyansh Harshit Srivastava.mp3
Raga Basant_44,Raga Basant Mukhari,Shivkumar Sharma,0:22:05.720000,https://p.scdn.co/mp3-preview/bfd79d38b85b69d917a81ab315ac8ec4a25d847c?cid=883d8de3b4fb48e9ab32028467324d90,,audio/Shivkumar Sharma\Raga Basant Mukhari_Shivkumar Sharma.mp3
Raga Basant_45,Raga Basant Bahar,Ramesh Khaladkar,0:04:50.403000,https://p.scdn.co/mp3-preview/63e8a77fed07a5161068a280b0798931a539742d?cid=883d8de3b4fb48e9ab32028467324d90,,audio/Ramesh Khaladkar\Raga Basant Bahar_Ramesh Khaladkar.mp3
Raga Basant_46,Raga Basant - Tintal,Ustad Nissar Hussain Khan,0:19:29.554000,https://p.scdn.co/mp3-preview/0965ed4c512baa86bd075b9be3f1b3e70f0e0ed0?cid=883d8de3b4fb48e9ab32028467324d90,,audio/Ustad Nissar Hussain Khan\Raga Basant - Tintal_Ustad Nissar Hussain Khan.mp3
Raga Basant_47,Raga Basant Makhari,Turab Ali Khan,0:34:27.800000,https://p.scdn.co/mp3-preview/24a5cec520488020a90398ecf78ecc7438b3046d?cid=883d8de3b4fb48e9ab32028467324d90,,audio/Turab Ali Khan\Raga Basant Makhari_Turab Ali Khan.mp3
Raga Basant_48,Raga Basant Makhari,Traditional,0:34:27.800000,https://p.scdn.co/mp3-preview/24a5cec520488020a90398ecf78ecc7438b3046d?cid=883d8de3b4fb48e9ab32028467324d90,,audio/Traditional\Raga Basant Makhari_Traditional.mp3
Raga Basant_49,Raga Basanti Kedar,C. R. Vyas,0:09:36.693000,https://p.scdn.co/mp3-preview/c4a3c5a68327963b7fa6d650157ecc43fab7fac5?cid=883d8de3b4fb48e9ab32028467324d90,,audio/C. R. Vyas\Raga Basanti Kedar_C. R. Vyas.mp3
Raga Basant_50,Raga Basant- Alaap,Bhimsen Joshi,0:02:20.760000,https://p.scdn.co/mp3-preview/d1397aa0631f1cd34948656cac13686adcf30913?cid=883d8de3b4fb48e9ab32028467324d90,,audio/Bhimsen Joshi\Raga Basant- Alaap_Bhimsen Joshi.mp3
Raga Basant_51,Raga Basant - Bandish,Bhimsen Joshi,0:10:11.267000,https://p.scdn.co/mp3-preview/b72a7d93cb092bd3c7a98ba1ab8149a7bf9beeae?cid=883d8de3b4fb48e9ab32028467324d90,,audio/Bhimsen Joshi\Raga Basant - Bandish_Bhimsen Joshi.mp3
Raga Basant_52,Raga Basant - Fagwa Brij Dekhan,Anjana Ghosal ‘PIU’,0:02:24.106000,https://p.scdn.co/mp3-preview/61fdef49ef071f0caa33f0334301872426cb7699?cid=883d8de3b4fb48e9ab32028467324d90,,audio/Anjana Ghosal ‘PIU’\Raga Basant - Fagwa Brij Dekhan_Anjana Ghosal ‘PIU’.mp3
Raga Basant_53,Raga Basant Mukhari,Vishwa Mohan Bhatt,0:08:01.465000,https://p.scdn.co/mp3-preview/09932f4d1add120fb598446ff5d933e428d39d55?cid=883d8de3b4fb48e9ab32028467324d90,,audio/Vishwa Mohan Bhatt\Raga Basant Mukhari_Vishwa Mohan Bhatt.mp3
Raga Basant_54,Raga Basant Bahar: Alap,Ramesh Khaladkar,0:04:50.507000,https://p.scdn.co/mp3-preview/5a8d4d6ec56384252b5c7ba7f86710ce740caf19?cid=883d8de3b4fb48e9ab32028467324d90,,audio/Ramesh Khaladkar\Raga Basant Bahar: Alap_Ramesh Khaladkar.mp3
Raga Basant_55,Raga Basanta: Tintal,Gangubai Hangal,0:10:57.933000,https://p.scdn.co/mp3-preview/378633e7938e0da74a6202faafcd43d882d03eb0?cid=883d8de3b4fb48e9ab32028467324d90,,audio/Gangubai Hangal\Raga Basanta: Tintal_Gangubai Hangal.mp3
Raga Basant_56,Raga Basant Mookhari (Slow & Fast Gat in Tintal 16 Beats),Ali Akbar Khan,0:13:21.360000,https://p.scdn.co/mp3-preview/ac1addea739df03686c66afbe8351dcc32a2b12c?cid=883d8de3b4fb48e9ab32028467324d90,,audio/Ali Akbar Khan\Raga Basant Mookhari (Slow & Fast Gat in Tintal 16 Beats)_Ali Akbar Khan.mp3
Raga Basant_57,Raga Basant - Vilambit,Gauri Pathare,0:18:23.110000,https://p.scdn.co/mp3-preview/947928b0c0ea3b3fa03b4da138043d86e00fb097?cid=883d8de3b4fb48e9ab32028467324d90,,audio/Gauri Pathare\Raga Basant - Vilambit_Gauri Pathare.mp3
Raga Basant_58,Raga Basant - Drut Ektal,Prabha Atre,0:20:38.893000,https://p.scdn.co/mp3-preview/5853c76ee59fba8ef57ddfc26b4ae273c767aeea?cid=883d8de3b4fb48e9ab32028467324d90,,audio/Prabha Atre\Raga Basant - Drut Ektal_Prabha Atre.mp3
Raga Basant_59,Bliss in Spring - Raga Basant,Shivkumar Sharma,0:08:03.200000,https://p.scdn.co/mp3-preview/ce5c757e7f9594e44a723ba86449e3036efb868f?cid=883d8de3b4fb48e9ab32028467324d90,,audio/Shivkumar Sharma\Bliss in Spring - Raga Basant_Shivkumar Sharma.mp3
Raga Basant_60,Raga Basant: Derna Derna Tana Dere Na,Padma Talwalkar,0:06:00.093000,https://p.scdn.co/mp3-preview/9726b4aad392291d2170abae2e8d85ac3d88a5f9?cid=883d8de3b4fb48e9ab32028467324d90,,audio/Padma Talwalkar\Raga Basant: Derna Derna Tana Dere Na_Padma Talwalkar.mp3
Raga Basant_61,Raga Basant Mukhari Alap,Mita Nag,0:25:16.160000,https://p.scdn.co/mp3-preview/50239b9db0569bcde877bcd91cbb6f8a66d8031f?cid=883d8de3b4fb48e9ab32028467324d90,,audio/Mita Nag\Raga Basant Mukhari Alap_Mita Nag.mp3
Raga Basant_62,Raga Basant - Drut Ektaal,Gauri Pathare,0:06:00.840000,https://p.scdn.co/mp3-preview/ff2209706ccaa1156c8541ba89aeb380f3a79d3d?cid=883d8de3b4fb48e9ab32028467324d90,,audio/Gauri Pathare\Raga Basant - Drut Ektaal_Gauri Pathare.mp3
Raga Basant_63,Temple Song in Raga Basant,Bhattacharya,0:06:23.053000,https://p.scdn.co/mp3-preview/aba314ea0ce37aea891a108c3f3cd155bd959be3?cid=883d8de3b4fb48e9ab32028467324d90,,audio/Bhattacharya\Temple Song in Raga Basant_Bhattacharya.mp3
Raga Basant_64,Temple Song in Raga Basant,Deben Bhattacharya,0:06:23.053000,https://p.scdn.co/mp3-preview/abb51332d2213dc8387ea3694b733db86c7147c6?cid=883d8de3b4fb48e9ab32028467324d90,,audio/Deben Bhattacharya\Temple Song in Raga Basant_Deben Bhattacharya.mp3
Raga Basant_65,Raga Basant Mukhari: Alap,Partha Bose,0:19:07,https://p.scdn.co/mp3-preview/9ff8929122c7d0a37473363a989ec4b8992e8caf?cid=883d8de3b4fb48e9ab32028467324d90,,audio/Partha Bose\Raga Basant Mukhari: Alap_Partha Bose.mp3
Raga Basant_66,Temple Song in Raga Basant,Deben Bhattacharya,0:06:23.053000,https://p.scdn.co/mp3-preview/e011da0d773c228222f6f1b30390fd9666175397?cid=883d8de3b4fb48e9ab32028467324d90,,audio/Deben Bhattacharya\Temple Song in Raga Basant_Deben Bhattacharya.mp3
Raga Basant_67,Raga Basantmukhari - Alaap,Pt. Indranil Bhattacharya,0:27:46.093000,https://p.scdn.co/mp3-preview/94e8ef27c7cb4df94ca9a5aaaae9af4ebc1a19e5?cid=883d8de3b4fb48e9ab32028467324d90,,audio/Pt. Indranil Bhattacharya\Raga Basantmukhari - Alaap_Pt. Indranil Bhattacharya.mp3
Raga Basant_68,Raga Basant (Eri Eri Gaili Gaili),Manali Bose,0:04:50.666000,https://p.scdn.co/mp3-preview/c1ed2f987a8d1a96dcd5f7abfe3af40d193e7ef1?cid=883d8de3b4fb48e9ab32028467324d90,,audio/Manali Bose\Raga Basant (Eri Eri Gaili Gaili)_Manali Bose.mp3
Raga Basant_69,Raga Basant Mukhari - Aochar,Ayaan Ali Bangash,0:07:39.347000,https://p.scdn.co/mp3-preview/e5f490b3a49c250eafacdacc032ee0b01985f440?cid=883d8de3b4fb48e9ab32028467324d90,,audio/Ayaan Ali Bangash\Raga Basant Mukhari - Aochar_Ayaan Ali Bangash.mp3
Raga Basant_70,Khayal - Raga Basant - Teentaal,Chhannulal Mishra,0:12:09.333000,https://p.scdn.co/mp3-preview/5f2640afc29d8b3a3ee073da13b2bf5ddc344be2?cid=883d8de3b4fb48e9ab32028467324d90,,audio/Chhannulal Mishra\Khayal - Raga Basant - Teentaal_Chhannulal Mishra.mp3
Raga Basant_71,Raga Basant Mukhari (Jod),Kees Van Boxtel,0:07:02.524000,https://p.scdn.co/mp3-preview/005e5c2f7eae52aa0a064fa2823c186951f4282b?cid=883d8de3b4fb48e9ab32028467324d90,,audio/Kees Van Boxtel\Raga Basant Mukhari (Jod)_Kees Van Boxtel.mp3
Raga Basant_72,Raga Basantmukhari - Teentaal,Girish Nalawade,0:36:08.981000,https://p.scdn.co/mp3-preview/0ce38b675a5fe1f7a93673f886677de5e23ae65d?cid=883d8de3b4fb48e9ab32028467324d90,,audio/Girish Nalawade\Raga Basantmukhari - Teentaal_Girish Nalawade.mp3
Raga Basant_73,"Raga Basantmukhari - Jod, Jhala",Pt. Indranil Bhattacharya,0:14:45.933000,https://p.scdn.co/mp3-preview/62f26745abf37a715e237099aca7082986015f77?cid=883d8de3b4fb48e9ab32028467324d90,,"audio/Pt. Indranil Bhattacharya\Raga Basantmukhari - Jod, Jhala_Pt. Indranil Bhattacharya.mp3"
Raga Basant_74,Gat Teental Raga Basant Mukhari,Ranajit Sengupta,0:31:15.735000,https://p.scdn.co/mp3-preview/31851ab5919f8de570f4bb73344007e0beef8ad0?cid=883d8de3b4fb48e9ab32028467324d90,,audio/Ranajit Sengupta\Gat Teental Raga Basant Mukhari_Ranajit Sengupta.mp3
Raga Basant_75,Passion (Raga Basant Bahaar),Anuradha Pal,0:07:26.370000,https://p.scdn.co/mp3-preview/ebfdbf39f3b38c98c1ac522bdf50262151de3e8e?cid=883d8de3b4fb48e9ab32028467324d90,,audio/Anuradha Pal\Passion (Raga Basant Bahaar)_Anuradha Pal.mp3
Raga Basant_76,Raga Basant Mukhari (Alap),Kees Van Boxtel,0:07:52.647000,https://p.scdn.co/mp3-preview/5e17a180b463b22c37518d09a6c6959cdb246a2c?cid=883d8de3b4fb48e9ab32028467324d90,,audio/Kees Van Boxtel\Raga Basant Mukhari (Alap)_Kees Van Boxtel.mp3
Raga Basant_77,Raga Basanti Kedar - Khayal Vilambit In Teentaal,"Mallikarjun Mansur, Balkrishna Iyer, Tulsidas Borkar",0:15:02.760000,https://p.scdn.co/mp3-preview/a594270f407ce7c213311b25b72ed30cb55181ee?cid=883d8de3b4fb48e9ab32028467324d90,,"audio/Mallikarjun Mansur, Balkrishna Iyer, Tulsidas Borkar\Raga Basanti Kedar - Khayal Vilambit In Teentaal_Mallikarjun Mansur, Balkrishna Iyer, Tulsidas Borkar.mp3"
Raga Basant_78,Raga Basanti Kanhra - Khayal Vilambit In Teentaal,"Mallikarjun Mansur, Balkrishna Iyer, Tulsidas Borkar",0:14:47.200000,https://p.scdn.co/mp3-preview/b2e64fcc8a923092dc53c06aba8d0225db86e2db?cid=883d8de3b4fb48e9ab32028467324d90,,"audio/Mallikarjun Mansur, Balkrishna Iyer, Tulsidas Borkar\Raga Basanti Kanhra - Khayal Vilambit In Teentaal_Mallikarjun Mansur, Balkrishna Iyer, Tulsidas Borkar.mp3"
Raga Basant_79,Raga Basant: Phagavaa Brija Dekhana Ko,Padma Talwalkar,0:09:38.240000,https://p.scdn.co/mp3-preview/e59fbf676512d27c3a906c78a3a25e1985e24b7c?cid=883d8de3b4fb48e9ab32028467324d90,,audio/Padma Talwalkar\Raga Basant: Phagavaa Brija Dekhana Ko_Padma Talwalkar.mp3
Raga Basant_80,Raga Basant - Khyal In Teental - Piya Sang Khelo Hori (Live),Gangubai Hangal,0:10:01.533000,https://p.scdn.co/mp3-preview/2ee9169d63ce05f9524248ef7c4b32c13ce15133?cid=883d8de3b4fb48e9ab32028467324d90,,audio/Gangubai Hangal\Raga Basant - Khyal In Teental - Piya Sang Khelo Hori (Live)_Gangubai Hangal.mp3
Raga Basant_81,Raga Basant - Piya Sang Khelu Hori,Sanjeev Chimmalgi,0:01:20.306000,https://p.scdn.co/mp3-preview/cba2f3b2fa6ea9bff261e79454663c3690dab8fd?cid=883d8de3b4fb48e9ab32028467324d90,,audio/Sanjeev Chimmalgi\Raga Basant - Piya Sang Khelu Hori_Sanjeev Chimmalgi.mp3
Raga Basant_82,Raga Basant Mukhari Gat In Teen Tal,Mita Nag,0:16:40.573000,https://p.scdn.co/mp3-preview/9f005f4f2df8b8e4166428b9aa27a3bfc3a0d0a2?cid=883d8de3b4fb48e9ab32028467324d90,,audio/Mita Nag\Raga Basant Mukhari Gat In Teen Tal_Mita Nag.mp3
Raga Basant_83,"Raga Basant: Aochar, Gat in Teen Taal",Partha Bose,0:13:25,https://p.scdn.co/mp3-preview/910288df5c5049c3149493bfd5112eaa3e595038?cid=883d8de3b4fb48e9ab32028467324d90,,"audio/Partha Bose\Raga Basant: Aochar, Gat in Teen Taal_Partha Bose.mp3"
Raga Basant_84,Raga Basant Mukhari (Bhayo Bhor),Manali Bose,0:08:22.666000,https://p.scdn.co/mp3-preview/3f996ff2dc1411c00e5ce5c6a3834acc267f7fd3?cid=883d8de3b4fb48e9ab32028467324d90,,audio/Manali Bose\Raga Basant Mukhari (Bhayo Bhor)_Manali Bose.mp3
Raga Basant_85,Raga Basant Bahar - Khayal Vilambit In Teentaal And Drut In Teentaal,"Kishori Amonkar, Appa Jalgaonkar, Balkrishna Iyer",0:29:33.827000,https://p.scdn.co/mp3-preview/8ee5142ae4b45a2a6a6517a032ed58136922f2ac?cid=883d8de3b4fb48e9ab32028467324d90,,"audio/Kishori Amonkar, Appa Jalgaonkar, Balkrishna Iyer\Raga Basant Bahar - Khayal Vilambit In Teentaal And Drut In Teentaal_Kishori Amonkar, Appa Jalgaonkar, Balkrishna Iyer.mp3"
Raga Basant_86,Raga Basanti Kedar - Tala Drut Ektaal,C. R. Vyas,0:09:36.693000,https://p.scdn.co/mp3-preview/6b03a3c13b4ba3636aac127a553aa9dd578d3924?cid=883d8de3b4fb48e9ab32028467324d90,,audio/C. R. Vyas\Raga Basanti Kedar - Tala Drut Ektaal_C. R. Vyas.mp3
Raga Basant_87,Raga Basant Mukhari: Gat in Jhap Taal,Partha Bose,0:16:07,https://p.scdn.co/mp3-preview/35198ec435cd838462d3bb26734854faf0e4566c?cid=883d8de3b4fb48e9ab32028467324d90,,audio/Partha Bose\Raga Basant Mukhari: Gat in Jhap Taal_Partha Bose.mp3
Raga Basant_88,Raga Basant Bahar (Naveli Kali),Manali Bose,0:05:44,https://p.scdn.co/mp3-preview/01796f7d15d1a8f9b49ab93f58549b36ea42464c?cid=883d8de3b4fb48e9ab32028467324d90,,audio/Manali Bose\Raga Basant Bahar (Naveli Kali)_Manali Bose.mp3
Raga Basant_89,Jhaptaal (Raga Basant Mukhari),Satwinder Pal Singh,0:32:36.164000,https://p.scdn.co/mp3-preview/7cac4fefe4f87d9597cb15366ac44f5cc55944a3?cid=883d8de3b4fb48e9ab32028467324d90,,audio/Satwinder Pal Singh\Jhaptaal (Raga Basant Mukhari)_Satwinder Pal Singh.mp3
Raga Basant_90,Raga Basant - Alap - Madhyalaya In Teentaal And Drut In Ektaal,"Shivkumar Sharma, Shafaat Ahmed Khan",0:29:04.973000,https://p.scdn.co/mp3-preview/4d354d80060e2b4022e3134f370c9109b496e83f?cid=883d8de3b4fb48e9ab32028467324d90,,"audio/Shivkumar Sharma, Shafaat Ahmed Khan\Raga Basant - Alap - Madhyalaya In Teentaal And Drut In Ektaal_Shivkumar Sharma, Shafaat Ahmed Khan.mp3"
